candidate,fold,accuracy,macro_f1,serious_precision,serious_recall,average_precision,roc_auc,brier,log_loss,threshold
core_lr,1,0.7533333333333333,0.7248257943996704,0.7381911387770047,0.9056603773584906,0.8768491708558983,0.8362689923193564,0.1668504083795613,0.5058347440650145,0.5
core_lr,2,0.80875,0.8026901075977269,0.8265434691306174,0.8482758620689655,0.9146517725739733,0.8872350933908046,0.13401524050777244,0.41945505812014666,0.5
core_lr,3,0.7743682310469314,0.7688534867275614,0.764755838641189,0.848727615457116,0.8601235377592005,0.8503630477114683,0.1574666929595288,0.4853593015206134,0.5
raw_lr_C05,1,0.788,0.766371051435671,0.7684803001876173,0.9200359389038635,0.8972778487167725,0.8667196376396347,0.1506021609392043,0.4654046605958985,0.5
raw_lr_C05,2,0.8295,0.8245480439936776,0.8482142857142857,0.8599137931034483,0.9261849719127617,0.9001205870279148,0.12422720131458154,0.39604686370041703,0.5
raw_lr_C05,3,0.7813305827746261,0.7768418629699118,0.7762359063313097,0.8435438265786993,0.872858221086682,0.8588071005777418,0.15336331413517346,0.47307857513738727,0.5
raw_lr_C2,1,0.7933333333333333,0.7742995247417812,0.7776502104860313,0.912848158131177,0.896846055591519,0.87136263037875,0.14702522196779094,0.4655029672699725,0.5
raw_lr_C2,2,0.835,0.8306092216339742,0.8571428571428571,0.8586206896551725,0.9267679120044736,0.903288433908046,0.12179726434991894,0.3918847081511631,0.5
raw_lr_C2,3,0.7888086642599278,0.7845852916111499,0.7833840800347978,0.848727615457116,0.8742595973831756,0.8649454730676995,0.15105787692607373,0.47425670987066837,0.5
raw_nb,1,0.7701333333333333,0.7513767536303224,0.7670321064996085,0.8800539083557951,0.8878633960817277,0.8506105074129884,0.17828227320258697,0.7504687116218076,0.5
raw_nb,2,0.807,0.8040352492864549,0.856353591160221,0.8017241379310345,0.9102728175629881,0.8841184318555009,0.15332973449444304,0.6228568476945138,0.5
raw_nb,3,0.7668901495616297,0.7656153390285596,0.7982370225269344,0.7681432610744581,0.8536985835491464,0.8328972806846165,0.19143973022150818,0.8166705490093298,0.5
raw_xgb,1,0.7805333333333333,0.7553564162729183,0.7572423909057573,0.9276729559748428,0.8803442922167748,0.8473178765390177,0.15878258645534515,0.48726627062421474,0.5
raw_xgb,2,0.81225,0.8046493836863636,0.8177399756986634,0.8702586206896552,0.9175698503618844,0.889139598727422,0.13424170017242432,0.4226398878156649,0.5
raw_xgb,3,0.7462609592573491,0.7383091430833331,0.7339638157894737,0.8411875589066918,0.8684625121656891,0.8471482720345915,0.16200082004070282,0.4901455805063084,0.5
ablation_raw_lr,1,0.7930666666666667,0.7734294926595827,0.775875190258752,0.9159928122192273,0.898733508562378,0.8715038273517698,0.14709898262387097,0.4597451398516264,0.5
ablation_raw_lr,2,0.83525,0.830653502096498,0.8550662676357418,0.8620689655172413,0.9277002604531802,0.9030639367816091,0.12167792587241912,0.38935441991854575,0.5
ablation_raw_lr,3,0.7862300154718928,0.781792870802599,0.7799913382416631,0.848727615457116,0.8745099477842015,0.8634946777334316,0.15095879771224996,0.4693100246255009,0.5
ablation_derived_lr,1,0.7949333333333334,0.775665692366659,0.7777354174609226,0.9164420485175202,0.9005409080764101,0.8758495400339108,0.1453797304428815,0.4604522101703085,0.5
ablation_derived_lr,2,0.8345,0.8300395581644683,0.8560996563573883,0.8590517241379311,0.9296276591130097,0.9066497331691297,0.11981315015376691,0.383038920705976,0.5
ablation_derived_lr,3,0.7893243940175348,0.7853298482835236,0.7855579868708972,0.8459000942507069,0.8777624517884655,0.8689713898651507,0.1475933170938291,0.4629648553310023,0.5
