ending_line,field_count,expected_fields,raw_values
6161,15,14,"[""2024.6416"", ""fruits and vegetables"", ""food"", ""Undeclared allergen sulphur dioxide in dried apricots, declared as \\unsulphured\\\"""", "" from Turkey\"""", ""23-08-2024 17:32:06"", ""Germany"", ""information notification for attention"", ""serious"", ""Germany"", ""INFOSAN"", ""Türkiye"", ""Germany,Türkiye"", ""Türkiye"", ""E220- sulfur dioxide  too high content""]"
7131,16,14,"[""2024.4612"", ""food contact materials"", ""food contact material"", ""przekroczenie NDP pierwszorzędowych amin aromatycznych z produktu \\Łopatka do gotowania”"", "" kraj pochodzenia: Chiny //Migration of primary aromatic amines from the Cooking Spatula"", "" origin China\"""", ""14-06-2024 15:00:26"", ""Poland"", ""information notification for follow-up"", ""potentially serious"", ""Latvia,Poland"", """", ""China,Latvia"", ""China,Poland,Spain"", ""China"", ""primary aromatic amines  migration""]"
7685,15,14,"[""2024.3652"", ""prepared dishes and snacks"", ""food"", ""Presenza non dichiarata di DNA  specie avicola, pollo e bovina in \\Preparazione alimentare a base di farina di frumento - Braised beef noodle\\\"" dalla Cina via Bulgaria//Undeclared presence of poultry"", "" chicken and bovine DNA in \\\""Food preparation based on wheat flour - Braised beef noodle\\\"" from China via Bulgaria\"""", ""07-05-2024 15:20:18"", ""Italy"", ""information notification for follow-up"", ""potential risk"", """", """", ""Bulgaria,China"", ""Bulgaria,Italy"", ""China"", ""import  illegal""]"
10356,16,14,"[""2023.7761"", ""soups, broths, sauces and condiments"", ""food"", ""Unauthorized additives in cassava farofa and tapioca biscuit (\\Farofa de Mandioca Cebola Tostadinha\\\"" and \\\""Biscoito de Polvilho Palito - Queijo\\\"") (E 150d"", "" E 320"", "" E 321; and E 110)\"""", ""10-11-2023 12:17:28"", ""Portugal"", ""border rejection notification"", ""no risk"", """", ""Brazil,INFOSAN"", """", ""Brazil,Portugal"", ""Brazil"", """"]"
10427,15,14,"[""2023.7640"", ""meat and meat products (other than poultry)"", ""food"", ""\\Wheat\\\"" not mentioned on the label of a spread"", "" manufactured in Belgium\"""", ""07-11-2023 16:42:05"", ""Belgium"", ""alert notification"", ""serious"", ""Netherlands"", """", ""Netherlands"", ""Belgium"", ""Belgium"", """"]"
10675,15,14,"[""2023.7176"", ""crustaceans and products thereof"", ""food"", ""Solfiti non dichiarati in etichetta Scampi \\Nephrops norvegicus\\\""// Solfites undeclared on the label Norwegian lobster (Nephrops norvegicus) from the United Kingdom"", "" via Denmark\"""", ""20-10-2023 16:34:19"", ""Italy"", ""alert notification"", ""serious"", ""Austria,Croatia,Italy,United Kingdom"", ""INFOSAN,United Kingdom"", ""Austria,Croatia,Denmark,Italy,United Kingdom"", ""Denmark,Italy,United Kingdom"", ""United Kingdom"", ""sulphite  improperly declared""]"
13186,16,14,"[""2023.2459"", ""non-alcoholic beverages"", ""food"", ""Unauthorized additive in guarana syrup (\\Xarope de guaraná\\\"") (E 150c"", "" E 202"", "" E 211 and E 952)\"""", ""12-04-2023 15:52:04"", ""Portugal"", ""border rejection notification"", ""undecided"", """", ""INFOSAN"", """", ""Brazil,Portugal"", ""Brazil"", """"]"
13201,17,14,"[""2023.2422"", ""ices and desserts"", ""food"", ""Undeclared allergens \\hazelnuts"", "" nuts"", "" soya"", "" peanut\\\"" in Mocha ice cream from Luxembourg\"""", ""11-04-2023 12:56:10"", ""Luxembourg"", ""alert notification"", ""serious"", ""France"", """", ""France"", ""France,Luxembourg"", ""Luxembourg"", """"]"
15331,15,14,"[""2022.6073"", ""other food product / mixed"", ""food"", ""milk ingredient and soya undeclared on and insufficient labelling (\\may contain traces of egg"", "" gluten and nuts\\\"" only in English) of chocolates from Belgium\"""", ""18-10-2022 16:55:11"", ""Belgium"", ""alert notification"", ""serious"", ""Netherlands,Romania"", ""Belgium"", ""Netherlands,Romania"", ""Belgium"", ""Belgium"", """"]"
16841,15,14,"[""2022.3330"", ""poultry meat and poultry meat products"", ""food"", ""presence in 2 out of 5 samples of bacteria of the genus Salmonella spp. in 25 g of the product called \\Fresh chicken breast fillet"", "" grade A.\"""", ""07-06-2022 16:06:06"", ""Poland"", ""information notification for attention"", ""not serious"", ""Poland,United Kingdom"", ""INFOSAN"", """", ""Poland"", ""Poland"", """"]"
16970,15,14,"[""2022.3085"", ""nuts, nut products and seeds"", ""food"", ""Wrong translation: from the dutch \\nuts\\\"""", "" it was translated in french to \\\""cashew nuts\\\""\"""", ""25-05-2022 19:34:24"", ""Netherlands"", ""information notification for follow-up"", ""undecided"", ""Belgium,Portugal,United Kingdom"", ""Belgium,Portugal"", """", ""Netherlands"", ""Netherlands"", """"]"
18570,16,14,"[""2022.0520"", ""dietetic foods, food supplements and fortified foods"", ""food"", ""Unauthorised Novel Food \\Huperzine A\\\"" in food supplements from the United States"", "" manufactured in the United Kingdom"", "" via the Netherlands\"""", ""27-01-2022 12:04:32"", ""Germany"", ""information notification for follow-up"", ""undecided"", ""Germany,Netherlands"", """", ""Netherlands"", ""Germany,Netherlands,United States"", ""United States"", """"]"
20674,15,14,"[""2021.4513"", ""food contact materials"", ""food contact material"", ""LASSIG 4Babes Bamboo mug Glama Lama corol 1310016736 \\- 45% bamboo"", "" 34% corn fiber and 20% melamine \"""", ""24-08-2021 10:42:28"", ""Poland"", ""information notification for follow-up"", ""not serious"", ""Germany,Poland"", """", ""Germany"", ""China,Germany,Poland"", ""Germany"", """"]"
21905,13,14,"[""2021.2621"", ""poultry meat and poultry meat products"", ""food"", ""Salmonella Enteritidis detected in chicken neck skins, chickens originating from Hungary, slaughtered in Poland\\\"",25-05-2021 09:44:54\"""", ""Poland"", ""information notification for attention"", ""serious"", ""Poland"", ""Hungary"", """", ""Hungary,Poland"", ""Hungary,Poland"", ""Salmonella Enteritidis ""]"
24106,15,14,"[""2020.5385"", ""nuts, nut products and seeds"", ""food"", ""unauthorised substance ethylene oxide in hulled organic and \\normal\\\"" sesame seeds from India"", "" also used for spice mix\"""", ""27-11-2020 15:31:20"", ""Denmark"", ""alert notification"", ""serious"", ""Denmark,Germany,Iceland,Italy,Norway,Sweden"", ""INFOSAN"", ""Germany,Iceland,Italy,Norway,Sweden"", ""Denmark,Germany,Iceland,India,Italy,Norway,Sweden"", ""Denmark,India"", """"]"
